구로구,구로2동 구로동로43길 40
구로구,구로2동 벚꽃로 39 
구로구,구로2동 구로동로48길 18 
구로구,구로2동 구로동로40길 4 
구로구,구로2동 구로동로7다길 11 
구로구,구로3동 구로동로 79 
구로구,구로3동 도림로 53 
구로구,구로3동 시흥대로163길 13 
구로구,구로3동 디지털로32다길 65 
구로구,구로3동 시흥대로 38 
구로구,구로3동 도림천로 379 
구로구,구로3동 디지털로432가길 72 
구로구,구로3동 디지털로432가길 66 
구로구,구로3동 디지털로432가길 65 
구로구,구로3동 디지털로432가길 54 
구로구,구로3동 디지털로432가길 56 
구로구,구로4동 구로중앙로19길 11 
구로구,구로4동 구로중앙로15길 21 
구로구,구로4동 구로중앙로19길 25-25 
구로구,구로4동 가마산로20다길 45 
구로구,구로5동 구로중앙로22길 86 
구로구,구로5동 구로중앙로22길 5 
구로구,가리봉동 남부순환로10길 1 
구로구,고척1동 중앙로14가길 64 
구로구,고척1동 경서로 38 
구로구,고척1동 경인로3길 10 
구로구,고척2동 고척동 245-3 
구로구,고척2동 고척동 244-4 
구로구,고척2동 고척로27다길 47-13 
구로구,고척2동 고척동 233 
구로구,고척2동 고척동 220-3 
구로구,고척2동 중앙로 87-10 
구로구,개봉1동 개봉동 109-1 
구로구,개봉1동 개봉1동 114 건너편
구로구,개봉1동 개봉1동 102-10 
구로구,개봉1동 개봉1동 11-18 
구로구,개봉1동 개봉1동 49-49 
구로구,개봉1동 개봉1동 60-73 
구로구,개봉1동 개봉1동 63-76 
구로구,개봉1동 고척로20길 4 
구로구,개봉1동 고척로18길 4 
구로구,개봉1동 개봉1동 416-46 
구로구,개봉1동 개봉1동 135-5 
구로구,개봉1동 개봉1동 139-69 
구로구,개봉1동 개봉1동 452-10 
구로구,개봉1동 개봉1동 448-30 
구로구,개봉1동 개봉1동 316-16 
구로구,개봉2동 개봉2동 306-47 
구로구,개봉2동 개봉2동 306-46 
구로구,개봉2동 경인로35길 64-25 
구로구,개봉2동 개봉2동 326-35 
구로구,개봉3동 개봉로11길 35-1 
구로구,개봉3동 개봉로15길 1 
구로구,개봉3동 개봉로15길 94 건너편
구로구,오류1동 고척로3길 25-8 
구로구,오류1동 고척로3길 86-14 
구로구,오류1동 고척로15길 113 
구로구,오류1동 고척로15길 97 
구로구,오류1동 고척로6길 14 
구로구,오류1동 경인로20가길 17 
구로구,오류1동 경인로6길 40 
구로구,오류2동 오리로13길 16 
구로구,오류2동 서헤안로 2278 
구로구,오류2동 오류로8다길 6 
구로구,오류2동 오루로8라길 24 
구로구,오류2동 오루류8라길 37 
구로구,오류2동 고척로16가길 20 
구로구,오류2동 서해안로34가길 3 
구로구,수궁동  부일로11길 56 
구로구,수궁동  부일로15나길 23 
구로구,수궁동  오리로22길 16-49 
구로구,수궁동  부일로 989-11 
동작구,노량진1동 서울특별시 동작구 장승배기로 94 (동작도서관)
동작구,상도1동 서울특별시 동작구 상도로60가길 15
동작구,상도2동 서울특별시 동작구 만양로2길 50
동작구,상도2동 서울특별시 동작구 만양로2길 58
동작구,상도2동 서울특별시 동작구 상도로15마길 33
동작구,상도3동 서울특별시 동작구 성대로10길 19
동작구,상도3동 서울특별시 동작구 성대로10길 37
동작구,상도4동 서울특별시 동작구 성대로17길 47-1
동작구,사당2동 서울특별시 동작구 동작대로29가길 1
동작구,사당2동 서울특별시 동작구 동작대로29나길 7
동작구,사당3동 서울특별시 동작구 사당로29길 8
동작구,사당4동 서울특별시 동작구 남부순환로257길 30
동작구,사당4동 서울특별시 동작구 남부순환로269길 165
동작구,사당4동 서울특별시 동작구 사당로20바길 31
동작구,신대방1동 서울특별시 동작구 여의대방로16길 8
동작구,신대방1동 서울특별시 동작구 여의대방로4길 20
동작구,신대방2동 서울특별시 동작구 여의대방로22사길 2
서대문구,서대문구 세무서길12-6
서대문구,서대문구 통일로40길35
서대문구,서대문구 통일로35길14-6
서대문구,서대문구 가좌로2안길39
서대문구,서대문구 가좌로2길36
서대문구,서대문구 가재울로36길53-65
서대문구,서대문구 증가로50-15
서대문구,서대문구 세금정로1길129
서대문구,서대문구 홍은중앙로94길55-27
서대문구,서대문구 홍은중앙로9길19
서대문구,서대문구 홍은중앙로7길41
서대문구,서대문구 성산로7길12
서대문구,서대문구 신촌로27나길3
서대문구,서대문구 연희로2길37
서대문구,서대문구 신촌로33길6
서대문구,서대문구 북아현로4자길31
서대문구,서대문구 증가로20가길35
서대문구,서대문구 명지대7길7
마포구,대흥로2길 75
마포구,고산2길 50
마포구,백범로17길 56
마포구,독막로 211-19
마포구,창천로2길 41
마포구,토정로 208-4
마포구,독막로22길 1-3
마포구,독막로22길 1-9
마포구,신촌로 6길 14
마포구,서강로 119
마포구,성미산로10길 64
마포구,토정로4길 55
마포구,월드컵로23길 15-1
마포구,성산로8길 42
마포구,성산로4길 79
마포구,성미산로29길 50 카페 앞 원미러 옆
마포구,성암로 13길 19 빌라 옆
서초구,방배로18길 13-16 / 방배1동 902-14번지
서초구,청두곶길8길 3 / 방배2동 474-1번지
서초구,청두곶길6길 30 / 방배2동 474-19번지
서초구,과쳔대로 지하816 / 방배2동 4호선 1번출구
서초구,효령로34길 45-1 / 방배3동 987-9번지
서초구,방배로 24길 45길 / 방배4동 840-01번지
