행정동,위치,비고
구로2동,가마산로20다길 3,
구로2동,구로동로28길 58,
구로2동,가마산로20다길 28-14,
구로2동,가마산로20다길 22-10,
구로2동,가마산로20나길 22-2,
구로2동,구로동로 221-1,
구로2동,구로동로 205,
구로2동,구로동로43길 24,
구로2동,구로동로43길 40,
구로2동,가마산로 134,
구로2동,가마산로 174-9,
구로2동,구로동로35길 22,
구로2동,구로동로35길 16,
구로2동,구로동로35길 13,
구로2동,벚꽃로74길 20,
구로2동,구로동로41길 58,
구로2동,구로동로41길 65,
구로2동,가마산로11길 10,
구로2동,가마산로9길 8-21,
구로2동,가마산로 175,
구로2동,가마산로7길 13,
구로2동,가마산로5길 13,
구로2동,가마산로 153-7,
구로2동,구로동로17길 57-8,
구로2동,구로동로17길 56-5,
구로2동,구로동로17길 46,
구로2동,구로동로17길 40,
구로2동,구로동로17길 37-54,
구로2동,벚꽃로 39,
구로2동,벚꽃로 398,
구로2동,가마산로 159-14,
구로2동,벚꽃로 414-1,
구로2동,벚꽃로68길 5,
구로2동,벚꽃로 446,
구로2동,구로동로48길 18,
구로2동,벚꽃로74길 1,
구로2동,구로동로43길 41,
구로2동,구로동로43길 31,
구로2동,구로동로43길 17,
구로2동,구로동로43길 13,
구로2동,구로동로42길 15,
구로2동,구로동로 210-10,
구로2동,구로중앙로27다길 1,
구로2동,구로중앙로27길 66,
구로2동,벚꽃로 466,
구로2동,벚꽃로 468,
구로2동,벚꽃로76길 4,
구로2동,벚꽃로78길 2,
구로2동,벚꽃로 484,
구로2동,구로동로45길 26,
구로2동,구로동로45길 14,
구로2동,구로동로47길 10-5,
구로2동,구로동로 224,
구로2동,구로동로 230-1,
구로2동,구로동로50길 9,
구로2동,구로중앙로27길 18,
구로2동,구로중앙로27길 21,
구로2동,구로중앙로 103,
구로2동,구로중앙로27가길 23,
구로2동,구로중앙로27가길 13,
구로2동,구로중앙로27나길 16,
구로2동,구로동로40길 4,
구로2동,구로동로40나길 9,
구로2동,구로중앙로27나길 32,
구로2동,구로중앙로21길 10-15,
구로2동,구로중앙로21길 10,
구로2동,구로중앙로21길 40,
구로2동,구로중앙로21길 58,
구로2동,구로중앙로21길 72,
구로2동,가마산로19길 25,
구로2동,구로동로38길 46,
구로2동,가마산로22길 48,
구로2동,가마산로20라길 20-7,
구로2동,가마산로20다길 14-14,
구로2동,가마산로20길 43,
구로2동,구로동로28길 33-41,
구로2동,가마산로15길 6-2,
구로2동,가마산로20나길 22-2,
구로2동,가마산로20다길 28-13,
구로2동,가마산로20다길 22-10,
구로2동,가마산로20다길 3,
구로2동,가마산로20길 19,
구로2동,구로동로7다길 11,
구로3동,디지털로26길 29,
구로3동,디지털로26길 61,
구로3동,디지털로 242,
구로3동,구로동로 79,
구로3동,도림로12길 15-3,
구로3동,디지털로27나길 10-6,
구로3동,디지털로27길 58,
구로3동,디지털로27길 120-3,
구로3동,디지털로27길 124-12,
구로3동,도림로10길 5-4,
구로3동,도림로12길 9,
구로3동,도림로 40-1,
구로3동,도림로 46,
구로3동,디지털로27라길 67,
구로3동,도림로 44-9,
구로3동,도림로 53,
구로3동,도림로 98,
구로3동,도림천로 376,
구로3동,도림로20가길 30,
구로3동,도림로20길 18,
구로3동,도림로20길 68,
구로3동,디지털로35길 34,
구로3동,디지털로35길 10,
구로3동,디지털로32길 82,
구로3동,디지털로32길 96,
구로3동,디지털로32다길 13,
구로3동,시흥대로163길 13,
구로3동,디지털로32다길 46,
구로3동,디지털로32다길 58,
구로3동,디지털로32다길 60,
구로3동,디지털로32다길 64,
구로3동,디지털로32다길 65,
구로3동,시흥대로161가길 4,
구로3동,시흥대로161가길 16-6,
구로3동,시흥대로161가길 26,
구로3동,디지털로32가길 76-17,
구로3동,디지털로32가길 82,
구로3동,디지털로32가길 46-5,
구로3동,시흥대로163길 17,
구로3동,시흥대로161길 18,
구로3동,시흥대로161길 20,
구로3동,시흥대로161길 24,
구로3동,시흥대로161길 36-6,
구로3동,시흥대로 38,
구로3동,도림천로 379,
구로3동,디지털로432가길 72,
구로3동,디지털로432가길 66,
구로3동,디지털로432가길 65,
구로3동,디지털로432가길 54,
구로3동,디지털로432가길 56,
구로4동,구로중앙로18길 71,
구로4동,구로중앙로18길 53,
구로4동,구로중앙로18길 11,
구로4동,구로중앙로18길 5,
구로4동,구로중앙로14길 42 ,
구로4동,구로중앙로14길 46,
구로4동,구로중앙로8길 41,
구로4동,구로중앙로 14,
구로4동,구로중앙로19길 11,
구로4동,구로중앙로11길 14,
구로4동,구로중앙로7길 6,
구로4동,구로중앙로7길 28,
구로4동,도림로 37,
구로4동,도림로23길 14,
구로4동,구로동로18길 44,
구로4동,구로동로12길 16-9,
구로4동,구로동로8길 17,
구로4동,구로동로 86,
구로4동,구로동로12길 4,
구로4동,구로동로8길 70-3,
구로4동,구로동로22길 51,
구로4동,구로동로12길 60,
구로4동,구로동로12길 59-10,
구로4동,구로동로22길 36,
구로4동,구로동로12길 70,
구로4동,구로동로8길 62-8,
구로4동,구로동로22길 82,
구로4동,구로동로22길 87,
구로4동,구로동로18길 56-16,
구로4동,도림로 11,
구로4동,구로동로18길 44-30,
구로4동,도림로3길 19,
구로4동,구로동로18길 44-12,
구로4동,구로중앙로15길 21,
구로4동,구로중앙로19길 25-25,
구로4동,가마산로20다길 45,
구로4동,구로동로28길 78-2,
구로4동,구로중앙로7길 16,
구로4동,구로중앙로5길 35,
구로5동,공원로 26,
구로5동,공원로8길 9-10,
구로5동,공원로6가길 52,
구로5동,공원로6나길5-6,
구로5동,공원로6나길 11-12,
구로5동,공원로6나길 11-20,
구로5동,공원로6다길 14,
구로5동,새말로16길 16,
구로5동,공원로6나길 29-22,
구로5동,공원로6나길 35-23,
구로5동,공원로6나길 49-15,
구로5동,새말로18길 20-15,
구로5동,새말로18길 20-9,
구로5동,새말로18길 42,
구로5동,공원로8길 59,
구로5동,공원로6길 25,
구로5동,공원로8길 23,
구로5동,구로중앙로22길 3,
구로5동,구로중앙로22길 37,
구로5동,구로중앙로22길 39-2,
구로5동,구로중앙로22길 86,
구로5동,구로중앙로22길 5,
구로5동,구로중앙로26길 16,
구로5동,구로중앙로26길 28-2,
구로5동,구로중앙로 108,
구로5동,구로중앙로28길 12-4,
구로5동,구로중앙로28길 10,
구로5동,구로중앙로28나길 4,
구로5동,구로중앙로28다길 12,
구로5동,구로중앙로28다길 30,
구로5동,공원로7길 29,
구로5동,새말로12길 39,
구로5동,공원로11가길 10,
구로5동,공원로11가길 11,
구로5동,공원로7길 12,
구로5동,공원로7길 12,
구로5동,구로중앙로34길 67,
구로5동,구로중앙로34길 55,
구로5동,구로중앙로34길 44-21,
구로5동,구로중앙로34길 40,
구로5동,구로중앙로32가길 18,
구로5동,구로중앙로34길 17,
구로5동,구로중앙로34길 33-4,
구로5동,구로중앙로34길 33-14,
구로5동,구로중앙로34길 33-38,
구로5동,새말로 18-31,
구로5동,새말로 38,
구로5동,새말로 44,
구로5동,구로중앙로32다길 10-1,
구로5동,구로중앙로32가길 78-13,
구로5동,구로중앙로28길 31-34,
구로5동,구로중앙로28길 31-23,
구로5동,구로중앙로28가길 43,
구로5동,구로중앙로28가길 23,
구로5동,구로중앙로30길 29,
가리봉동,남부순환로 1295,
가리봉동,남부순환로10길 1,
가리봉동,남부순환로105길 42,
가리봉동,디지털로 230-1,
가리봉동,디지털로 24길4,
가리봉동,디지털로24가길 18,
가리봉동,디지털로 235,
가리봉동,디지털로 221,
가리봉동,남부순환로105길 76,
가리봉동,남부순환로105길 118-4,
가리봉동,남부순환로105길 166,
가리봉동,구로동로5길 39-17,
가리봉동,구로동로5길 6-13,
가리봉동,구로동로5길 2,
가리봉동,구로동로 27,
가리봉동,남부순환로105길 202,
가리봉동,남부순환로105길 228,
가리봉동,남부순환로105길 234,
가리봉동,남부순환로105길 258,
가리봉동,구로동로7길 31-32,
가리봉동,디지털로27길 83,
가리봉동,우마1길 39,
가리봉동,우마1길 32,
가리봉동,우마2길 49,
가리봉동,우마2길 59,
가리봉동,남부순환로 1307,
고척1동,중앙로14가길 83,
고척1동,중앙로14가길 64,
고척1동,경인로47다길 31-26,
고척1동,경인로47다길 31-17,
고척1동,경인로47다길 25-15,
고척1동,경인로47다길 11-16,
고척1동,경인로47다길 10,
고척1동,중앙로8길 38,
고척1동,경인로47길 54,
고척1동,경인로47나길 19-5,
고척1동,경인로47나길 13-11,
고척1동,경인로47나길 5-23,
고척1동,경인로47길 134,
고척1동,중앙로14가길 91,
고척1동,안양천로537나길 22,
고척1동,안양천로537나길 36,
고척1동,안양천로537다길 13,
고척1동,경서로 67,
고척1동,경서로7길 28,
고척1동,경서로 38,
고척1동,경서로9길 35,
고척1동,경서로11길 45-1,
고척1동,경서로7길 33,
고척1동,경서로7가길 15,
고척1동,경서로5길 22,
고척1동,경서로7가길 34,
고척1동,경서로7가길 44,
고척1동,경인로3길 10,
고척1동,경서로 19,
고척1동,경서로1가길 14,
고척1동,경서로 6,
고척2동,고척동 245-3,
고척2동,고척동 244-4,
고척2동,고척로33길 91,
고척2동,고척로33다길 3-12,
고척2동,고척로27바길 47,
고척2동,고척로27바길 59,
고척2동,중앙로15길 80,
고척2동,중앙로14길 7,
고척2동,고척로27다길 48,
고척2동,고척로27다길41,
고척2동,고척로27다길 28,
고척2동,고척로27다길 47-13,
고척2동,고척로27다길 64 ,
고척2동,고척로39길 53,
고척2동,고척로39길 34,
고척2동,고척로39가길 18,
고척2동,고척로39길 12 ,
고척2동,고척로33길 35,
고척2동,고척로33길 48,
고척2동,고척로33라길 14-12,
고척2동,고척동 233,
고척2동,중앙로15길 151,
고척2동,고척로51가길 4,
고척2동,고척로51길 71,
고척2동,고척로45길 75-7,
고척2동,고척로51길 50,
고척2동,고척로45길 46-1,
고척2동,고척로 177-3,
고척2동,고척동 220-3,
고척2동,고척로47길 56-2,
고척2동,중앙로15길 94,
고척2동,고척로51길 28,
고척2동,고척로51길 20,
고척2동,고척로 195,
고척2동,고척로47길 16-3,
고척2동,고척로47길 33,
고척2동,경인로35나길17,
고척2동,경인로35길 94-7,
고척2동,경인로35길 104-7,
고척2동,경인로35길 98-1,
고척2동,고척로52가길 69,건너편
고척2동,고척로52가길 65,건너편
고척2동,고척로52가길 48,
고척2동,고척로52가길 21,
고척2동,고척로 222,
고척2동,고척로60길 20-1,
고척2동,중앙로 101,
고척2동,중앙로 87-10,
고척2동,목동남로 10-4,
고척2동,고척로52다길 16,건너편
고척2동,고척로52가길 39,건너편
고척2동,경인로35다길 20-1,
고척2동,경인로35길 98-1,
고척2동,경인로35나길 16,
고척2동,경인로35길 94-7,
고척2동,경인로35길 104-7,
개봉1동,고척로 123-13,
개봉1동,고척로25길 20,
개봉1동,고척로27길 16-16,
개봉1동,고척로27길 48,건너편
개봉1동,개봉동 109-1,
개봉1동,고척로27길 90,
개봉1동,고척로27마길 3,
개봉1동,고척로27바길 6,
개봉1동,고척로27길 114,
개봉1동,고척로27길 119,
개봉1동,고척로25길 116,건너편
개봉1동,고척로27길 93-60,
개봉1동,고척로25길 88,
개봉1동,개봉1동 114,건너편
개봉1동,고척로25길 67,
개봉1동,개봉1동 102-10,
개봉1동,고척로27마길 3,
개봉1동,고척로27길 107,
개봉1동,고척로27길 119,
개봉1동,고척로21길 49,
개봉1동,고척로19길 58,
개봉1동,고척로21길 55,
개봉1동,고척로19길 69-6,
개봉1동,고척로19길 67-28,
개봉1동,개봉1동 11-18,
개봉1동,고척로21다길 34-13,
개봉1동,고척로21나길 48-80,
개봉1동,고척로21라길 42-4,
개봉1동,고척로21나길 48-71,
개봉1동,고척로21나길 88-87,
개봉1동,고척로21나길 88-97,건너편
개봉1동,고척로21나길 48-22,
개봉1동,개봉1동 26-1,
개봉1동,고척로21나길 42-12,
개봉1동,고척로21나길 48-7,
개봉1동,고척로21나길 62,
개봉1동,고척로21나길 8,
개봉1동,고척로21나길 68,
개봉1동,개봉1동 49-49,
개봉1동,고척로21가길 84-53,
개봉1동,고척로21가길 84-52,
개봉1동,고척로21가길 61-1,건너편
개봉1동,고척로21나길 61-20,
개봉1동,개봉1동 60-95,
개봉1동,고척로19가길 23,
개봉1동,고척로 95-10,
개봉1동,고척로21길 11-1,
개봉1동,개봉1동 60-73,
개봉1동,고척로 94-4,
개봉1동,고척로18길 28,
개봉1동,고척로18길 20,
개봉1동,개봉1동 63-76,
개봉1동,고척로22길 12,
개봉1동,고척로18나길 27,건너편
개봉1동,고척로20길 53-11,건너편
개봉1동,고척로22길 64,건너편
개봉1동,고척로20길 55,
개봉1동,고척로20길 4,
개봉1동,고척로20길 49,
개봉1동,고척로18나길 14-4,
개봉1동,고척로18길 4,
개봉1동,고척로18길 38,
개봉1동,개봉1동 68-87,
개봉1동,개봉1동 416-46,
개봉1동,고척로32길 44,
개봉1동,개봉1동 131-28,
개봉1동,경인로33다길 2,
개봉1동,경인로33다길 12,
개봉1동,경인로33다길 15,
개봉1동,개봉1동 135-5,
개봉1동,경인로33나길 7,
개봉1동,경인로33길 29,
개봉1동,개봉1동 139-69,
개봉1동,경인로33길 38,
개봉1동,경인로33길 38,
개봉1동,경인로 293-11,
개봉1동,경인로33길 14,
개봉1동,경인로35길 64-18,
개봉1동,경인로35길 64-10,
개봉1동,경인로35길 32,
개봉1동,고척로21길 31,
개봉1동,고척로52길 128,
개봉1동,개봉1동 452-10,
개봉1동,고척로52라길 5-36,
개봉1동,고척로52라길 5-16,
개봉1동,고척로52라길 5,
개봉1동,고척로52길 74,
개봉1동,고척로52라길 11-5,
개봉1동,고척로52라길 11-19,
개봉1동,고척로52마길 21-2,
개봉1동,고척로52마길 25,
개봉1동,고척로52라길 19-28,
개봉1동,고척로52라길 43,
개봉1동,개봉1동 448-30,
개봉1동,개봉1동 316-16,
개봉1동,개봉로24길 31,
개봉1동,경인로40길 28,
개봉1동,개봉로23가길 73,
개봉2동,서해안로34길 16 ,
개봉2동,개봉로17나길 108-3 ,
개봉2동,개봉로19길 133,
개봉2동,개봉로17바길 69,
개봉2동,개봉2동 306-47,
개봉2동,개봉2동 306-46,
개봉2동,개봉로17마길 14 ,
개봉2동,개봉로17나길 62,
개봉2동,서해안로34가길 27 건너편,
개봉2동,서해안로34가길 11-20,
개봉2동,개봉로17아길 41-27,
개봉2동,서해안로34가길 42 ,
개봉2동,개봉로15길 34,
개봉2동,개봉로17아길 58 ,
개봉2동,경인로35길 64-25,
개봉2동,개봉2동 335-15,
개봉2동,개봉로17아길 41,건너편
개봉2동,개봉로17아길 34,건너편
개봉2동,개봉로17아길 28,건너편
개봉2동,개봉로17아길 20,건너편
개봉2동,개봉로17아길 10,건너편
개봉2동,개봉로17길 90 ,
개봉2동,개봉로17길 91,건너편
개봉2동,개봉로15길 84-15 ,
개봉2동,개봉로17길 73,
개봉2동,개봉로17길 65,
개봉2동,개봉로15길 46-8,건너편
개봉2동,개봉로15길 58-2,
개봉2동,개봉로15길 58-10 ,
개봉2동,개봉로15길 84-8,
개봉2동,개봉로15길 10-11,
개봉2동,개봉로15길 18-28 ,
개봉2동,개봉2동 326-35,
개봉2동,개봉2동 327-13,건너편
개봉2동,개봉로19길 21-7 ,
개봉2동,개봉로17다길 6,
개봉2동,개봉로18길 8 ,
개봉2동,개봉로20길 101,
개봉2동,개봉로20길 91-20 ,
개봉2동,개봉로20길 91-28 ,
개봉3동,개봉로2길 87-1,건너편
개봉3동,개봉로2길 75,건너편
개봉3동,개봉로12길 35-4,
개봉3동,개봉로12길 9-10,
개봉3동,개봉로14길 20,건너편
개봉3동,개봉로2길 75-10,건너편
개봉3동,개봉로11길 10-38,
개봉3동,개봉로3길 9,
개봉3동,개봉로 7,건너편
개봉3동,개봉로1길 18,건너편
개봉3동,개봉로1길 30,건너편
개봉3동,개봉로1가길 11,
개봉3동,개봉로1길 46,건너편
개봉3동,개봉로1길 54,건너편
개봉3동,개봉로1길 62,건너편
개봉3동,개봉로1길 90,건너편
개봉3동,개봉로1길 102,건너편
개봉3동,개봉로1길 126,건너편
개봉3동,개봉로1다길 13-33,
개봉3동,개봉로1다길 21-7,
개봉3동,개봉로3가길 96,건너편
개봉3동,개봉로3가길 82-9,
개봉3동,개봉로3가길 88-26,
개봉3동,개봉3동 312-14,
개봉3동,개봉로1나길 8,대각선
개봉3동,개봉로1나길 8,건너편
개봉3동,개봉로1나길 36,건너편
개봉3동,개봉3동 365-12,
개봉3동,개봉로1나길 46-17,
개봉3동,개봉로3길 51,
개봉3동,개봉로1나길 52,건너편
개봉3동,개봉로3길 69,건너편
개봉3동,개봉로5길 59,
개봉3동,개봉로3길 121,
개봉3동,개봉로11길 35-1,
개봉3동,개봉로15길 1,
개봉3동,개봉로15길 49,
개봉3동,개봉로11길 86,
개봉3동,개봉로11나길 4-22,
개봉3동,개봉로11나길 10-18,
개봉3동,개봉로15길 94,건너편
오류1동,경인로13길 8,
오류1동,경인로15길 19,
오류1동,경인로15길 22,
오류1동,고척로3길 5-9,
오류1동,고척로3길 29,
오류1동,고척로3길 25-8,
오류1동,고척로3길 55,
오류1동,고척로3길 57,
오류1동,고척로3길 82,
오류1동,고척로3길 86-12,
오류1동,고척로3길 86-14,
오류1동,고척로3길 102,
오류1동,고척로15길 113,
오류1동,고척로15길 97,
오류1동,고척로3길 113,
오류1동,경인로15길 75-31,
오류1동,경인로15길 65-16,
오류1동,경인로15길 65-10,
오류1동,경인로15길 65,
오류1동,경인로15길 48,
오류1동,고척로3가길 11,
오류1동,경인로15가길 39,
오류1동,경인로15가길 37,
오류1동,경인로15가길 16,
오류1동,고척로 7,
오류1동,고척로 20,
오류1동,고척로 23,
오류1동,고척로 25-2,
오류1동,고척로6길 3,
오류1동,고척로6길 14,
오류1동,고척로 24-10,
오류1동,고척로 24-6,
오류1동,고척로 48,
오류1동,고척로6길 11-8,
오류1동,고척로10길 13,
오류1동,고척로10길 36,
오류1동,경인로19길 32,
오류1동,경인로19길 36-24,
오류1동,경인로25길 42,
오류1동,고척로12길 45,
오류1동,고척로12길 40-2,
오류1동,고척로12길 15-20,
오류1동,고척로12길 33,
오류1동,고척로16길 48-12,
오류1동,고척로16길 42,
오류1동,고척로16길 60,
오류1동,경인로20나길 30,
오류1동,경인로20가길 15,
오류1동,경인로20가길 49,
오류1동,경인로20가길 17,
오류1동,경인로20가길 69,
오류1동,경인로22길 64,
오류1동,경인로6길 40,
오류2동,오리로13길 56-41,
오류2동,오리로13길 88,
오류2동,오리로13길 105,
오류2동,오리로13길 16,
오류2동,오리로13길 34,
오류2동,오리로13길 18,
오류2동,오리로11길 33,
오류2동,오리로11길 71,
오류2동,서해안로 2227,
오류2동,서해안로 2217,
오류2동,오리로 1181,
오류2동,오리로9길 37,
오류2동,오리로9길 33-12,
오류2동,오리로 1171-8,
오류2동,오리로 1171-14,
오류2동,서헤안로 2278,
오류2동,오리로10길 44-10,
오류2동,오리로10길 44-9,
오류2동,서해안로20길 31,
오류2동,서해안로20길 44,
오류2동,오류로 53,
오류2동,오류로 54-16,
오류2동,오류로 54-26,
오류2동,오류로8나길 21,
오류2동,오류로8나길 8,
오류2동,오류로8다길 32,
오류2동,오류로8다길 14,
오류2동,오류로8다길 8,
오류2동,오류로8다길 6,
오류2동,오류로8가길 23,
오류2동,오루로8라길 24,
오류2동,오류로8라길 26,
오류2동,오루류8라길 37,
오류2동,오류로8라길 44,
오류2동,서해안로28길 15,
오류2동,오류로8바길 3-5,
오류2동,오류로8바길 8,
오류2동,오류로8길 138-1,
오류2동,오류로8길 147,
오류2동,서해안로 2344,
오류2동,서해안로 2317,
오류2동,오류로 86,
오류2동,서해안로21길 28,
오류2동,서해안로 2283,
오류2동,서해안로21길 5-13,
오류2동,고척로16가길 20,
오류2동,서해안로34가길 3,
수궁동 ,오리로21길 21,
수궁동 ,오리로21길 15,
수궁동 ,오리로21길 16-1,
수궁동 ,오리로21길 16-13,
수궁동 ,오리로21길 16-22,
수궁동 ,오리로21가길 37,
수궁동 ,오리로21가길 31,
수궁동 ,오리로21가길 23-13,
수궁동 ,오리로21가길 16,
수궁동 ,오리로21길 80,
수궁동 ,오리로21길 79,
수궁동 ,부일로9길 90-16,
수궁동 ,오리로21길 104,
수궁동 ,부일로9길 82,
수궁동 ,부일로9길 98,
수궁동 ,부일로9길 108,
수궁동 ,오리로21길 45,
수궁동 ,오리로21길 31,
수궁동 ,오리로21길 23,
수궁동 ,오리로17길 77-15,
수궁동 ,오리로17길 71,
수궁동 ,오리로17길 65,
수궁동 ,오리로17길 53,
수궁동 ,오리로17길 47,
수궁동 ,오리로 1305,
수궁동 ,오리로 1277,
수궁동 ,오리로 1266-1,
수궁동 ,오리로 1270,
수궁동 ,부일로11길 44,
수궁동 ,부일로11길 56,
수궁동 ,부일로13길 45,
수궁동 ,부일로13길 29,
수궁동 ,부일로13길 22,
수궁동 ,부일로15길 13,
수궁동 ,부일로11길 2,
수궁동 ,부일로11길 13,
수궁동 ,부일로11길 20,
수궁동 ,부일로11길 25,
수궁동 ,부일로15길 59,
수궁동 ,부일로17길 50,
수궁동 ,부일로17길 73,
수궁동 ,부일로13길 66-5,
수궁동 ,부일로15나길 23,
수궁동 ,부일로15나길 17,
수궁동 ,부일로13길 55,
수궁동 ,부일로17길 97,
수궁동 ,부일로17길 104-10,
수궁동 ,부일로17길 104-16,
수궁동 ,오리로20길 26-5,
수궁동 ,오리로20길 28,
수궁동 ,오리로20길 58,
수궁동 ,오리로20길 67-9,
수궁동 ,부일로17길 50,
수궁동 ,부일로17길 153,
수궁동 ,오리로22길 23,
수궁동 ,오리로22길 31,
수궁동 ,오리로22길 46-2,
수궁동 ,오리로22길 59,
수궁동 ,오리로22길 46-9,
수궁동 ,오리로22나길 6-5,
수궁동 ,오리로22길 16-49,
수궁동 ,오리로22나길 16-41,
수궁동 ,오리로22나길 16-35,
수궁동 ,오리로22가길 33,
수궁동 ,오리로22가길 22,
수궁동 ,오리로22길 5,
수궁동 ,부일로11길 117,
수궁동 ,부일로11길 101,
수궁동 ,부일로17길 112,
수궁동 ,부일로9길 95,
수궁동 ,부일로7길 21,
수궁동 ,부일로 861-6,
수궁동 ,부일로1가길 21,
수궁동 ,부일로1가길 34,
수궁동 ,부일로1가길 18-16,
수궁동 ,부일로1가길 12-29,
수궁동 ,부일로1길 116-6,
수궁동 ,부일로1다길 18,
수궁동 ,부일로1다길 34,
수궁동 ,부일로1다길 16-5,
수궁동 ,부일로1다길 16-9,
수궁동 ,부일로1길 136-7,
수궁동 ,부일로1길 136-6,
수궁동 ,부일로1길 136-5,
수궁동 ,부일로1길 136-9,
수궁동 ,부일로1길 115,
수궁동 ,부일로1길 109,
수궁동 ,부일로1길 101,
수궁동 ,부일로1길 99-17,
수궁동 ,부일로1길 81,
수궁동 ,부일로1길 62,
수궁동 ,부일로1길 26-13,
수궁동 ,부일로1길 26-19,
수궁동 ,부일로5길 30,
수궁동 ,부일로5길 30,
수궁동 ,부일로5길 16,
수궁동 ,부일로7길 13,
수궁동 ,부일로19길 16,
수궁동 ,부일로 985,
수궁동 ,부일로 989-8,
수궁동 ,부일로 989-11,
